Name,Email,City,Salary
Brent Hopkins,Cum.sociis.natoque@aodiosemper.edu,Mount Pearl,38363
Colt Bender,Vivamus.non.lorem@Proin.org,Castle Douglas,21506
Arthur Hammond,nisl.Maecenas@sed.net,Biloxi,27511
Sean Warner,enim.nisl.elementum@Vivamus.edu,Moere,25201
Tate Greene,velit.justo.nec@aliquetlobortisnisi.edu,Ipswich,35052
Gavin Gibson,cursus.Integer.mollis@Duissitamet.org,Oordegem,37126
Kelly Garza,cursus.non.egestas@antebibendum.ca,Kukatpalle,39420
Zane Preston,sed@Phasellusataugue.com,Neudšrfl,28553
Cole Cunningham,ac.mattis.ornare@inmagna.co.uk,Catemu,27972
Tarik Hendricks,Mauris.vestibulum@sodales.ca,Newbury,39027
Elvis Collier,pede@mattisvelit.org,Paradise,22568
Jackson Huber,eros.nec.tellus@ultricesposuere.edu,Veere,29922
Macaulay Cline,Aliquam@arcuSedeu.edu,Campobasso,24163
Elijah Chase,est.mollis.non@in.net,Grantham,23881
Dennis Anthony,mauris.ut.mi@maurisid.co.uk,Cedar Rapids,27969
Fulton Snyder,enim.mi@egestas.ca,San Pedro,21594
Leo Willis,massa.lobortis@mattisornare.edu,Kester,31203
Matthew Hooper,libero@Nuncullamcorper.net,Bellefontaine,33222
Todd Jones,ipsum.Phasellus@ultrices.ca,Toledo,24809
Palmer Byrd,faucibus.orci@necquam.org,Bissegem,29045