Name,Company,ID,Location
"Rosa, Christian L.",In Foundation,16711119-3954,"-73.86523, -53.09301"
"Phillips, Astra E.",Ut Sagittis Corp.,16560609-6138,"-59.69381, 87.70082"
"Casey, Cullen Y.",Lacus Quisque LLC,16450127-1664,"3.9228, 175.32174"
"Hartman, Margaret K.",Leo Cras Associates,16810220-6854,"80.3949, 69.60191"
"Best, Kato K.",Dolor Institute,16860414-7325,"16.59104, 155.73971"
"Cobb, Ralph T.",Turpis Aliquam Adipiscing Corporation,16320423-1926,"45.79119, -125.18164"
"Hatfield, Mohammad W.",Dignissim Consulting,16661105-4765,"80.06595, -117.32574"
"Odom, Aaron I.",Pharetra PC,16000420-0291,"71.58684, 56.90098"
"Mccall, Pamela C.",Vivamus Molestie Dapibus Industries,16360115-8573,"-65.28614, -142.99832"
"Alvarado, Kessie P.",Cras Eget PC,16871017-9162,"-33.93981, 10.87635"
"Shepard, Zorita E.",Eleifend Corp.,16510617-6877,"82.17878, -70.93764"
"Mitchell, Petra J.",Id Ante Institute,16700220-7236,"-31.48257, -82.84406"
"Coffey, Willow T.",Lobortis Tellus Justo LLC,16471109-8709,"19.41835, -87.40446"
"Farrell, Rana H.",Enim Nunc Ut Corp.,16520102-9427,"-88.84079, -113.17549"
"Pace, Lev L.",Natoque Penatibus Foundation,16110812-8263,"-38.16966, 16.68443"
"Horton, Emerson M.",Lectus Pede Industries,16001012-1432,"-24.02662, -13.97825"
"Mcdowell, Kiayada I.",Arcu Institute,16350405-5108,"46.0557, -71.25978"
"Lott, Aquila W.",Blandit Enim PC,16570627-5400,"62.43744, 169.5242"
"Delgado, Justine V.",Vestibulum Nec Company,16060410-3325,"-11.28018, 91.87086"
"Houston, Hedy O.",Egestas Inc.,16080306-7271,"-89.28958, -30.12906"
"Schmidt, Chadwick I.",Sit Corporation,16861129-5992,"30.36617, 135.45437"
"Sheppard, Oliver G.",Blandit LLP,16840516-8108,"3.58222, -141.79597"
"Garner, Teagan H.",Nisi Mauris Incorporated,16160825-0013,"-3.40066, 47.163"
"Webb, Dahlia L.",Magnis Dis Parturient LLC,16460107-2244,"40.67807, -171.69632"
"Galloway, Grant U.",Posuere Cubilia Curae; Incorporated,16991208-9258,"89.92441, 68.18588"
"Calhoun, Sylvester I.",Vitae Diam Corporation,16230224-3965,"47.45714, -114.68686"
"Fitzgerald, Gannon S.",Ligula Consectetuer Associates,16630411-2706,"45.35046, 86.35146"
"Garner, Dana P.",Proin Dolor Consulting,16010309-6145,"75.54251, -37.24621"
"Pate, Basil W.",Nullam PC,16940129-2314,"-69.79702, 121.10459"
"Mcmahon, Leila U.",Cursus Consulting,16171229-9641,"6.83763, -159.90215"
"Rogers, Meredith U.",Quam Vel Sapien Corp.,16341210-7967,"-1.574, -158.50366"
"Allen, Ivana R.",Nisi Magna Associates,16001223-5180,"-67.45045, 87.12991"
"Landry, Melinda G.",Tempor Est Consulting,16100220-8823,"-45.11327, 50.06175"
"Dawson, Daniel Y.",Vehicula Institute,16790325-6779,"36.04326, -84.72384"
"Bush, Sydney X.",Nunc Company,16570524-5149,"78.76269, -2.19062"
"Winters, Marvin Y.",Lorem Corporation,16261220-2479,"-57.81683, -97.95326"
"Elliott, Nell N.",Arcu Aliquam Institute,16590412-8286,"24.68923, 93.04311"
"Armstrong, Maryam B.",Ipsum Limited,16270519-9749,"-11.99025, 140.93895"
"Valdez, Nayda V.",Et Ultrices Posuere Incorporated,16421015-8608,"-6.82045, -9.72499"
"Munoz, Alexa I.",Velit Pellentesque LLC,16660813-4174,"10.56297, -29.37611"
"Holder, Nehru A.",In Cursus Et Incorporated,16500121-6125,"11.01083, 52.35899"
"Buchanan, Hanna O.",Mauris Aliquam Inc.,16830305-8344,"-67.29653, -170.22533"
"Ferrell, Abel G.",Feugiat Non Ltd,16801008-5150,"89.40166, -125.34916"
"Gay, Bruce N.",Donec Elementum Consulting,16100114-6206,"-42.88198, -137.88394"
"Vinson, Jessica Z.",Penatibus Et Company,16761107-0488,"-84.88328, 179.06102"
"Sanders, Joelle V.",Aliquam Ultrices Corp.,16250620-5661,"-43.26892, 150.64399"
"Noble, Stacy O.",Proin Sed Turpis LLC,16660420-8105,"86.41298, 36.99903"
"Sanders, Mari F.",Sed Congue Elit Corp.,16001104-1670,"-68.58905, 149.91667"
"Shaffer, Kasper T.",Integer Ltd,16270103-7612,"16.7574, -160.41067"
"Gibbs, Ina U.",Mi Institute,16141204-2689,"12.62394, -63.57233"
"Roman, Arden C.",Lobortis Class Aptent PC,16580515-9828,"60.97869, -83.60584"
"Riley, Olympia Y.",Enim Nunc Ltd,16160210-2962,"53.5842, 52.94683"
"Mccarty, Castor P.",Ipsum Ltd,16230207-4824,"-35.45183, -10.90568"
"Payne, Guinevere Y.",Diam Incorporated,16750105-4592,"67.13401, -102.38748"
"Barnes, Iliana V.",Rutrum Company,16530701-5478,"47.4682, -25.4858"
"Griffith, Kimberly D.",Congue PC,16721004-2417,"-53.0986, 131.54559"
"Koch, Xanthus D.",Vulputate Dui PC,16970809-2987,"-21.29851, -145.09803"
"Roberson, Griffith P.",Magna Industries,16230728-3388,"27.85874, 145.14543"
"Barrett, Summer L.",Ac Mattis Ltd,16640318-6569,"71.7586, -176.46567"
"Ferguson, Byron R.",Eget Lacus Inc.,16041006-5973,"-28.77166, -162.01399"
"Prince, Luke P.",Diam Nunc Ullamcorper Industries,16011020-8204,"44.98899, -148.30397"
"Shaw, Griffin K.",Gravida Corporation,16310506-7155,"41.27015, 66.81645"
"Ward, Aimee Z.",Elementum Corporation,16340720-1726,"-78.34328, 146.41624"
"Rodgers, Clarke J.",Donec Non Limited,16830529-3105,"-89.55361, 20.1927"
"Joseph, Breanna T.",Sed Turpis Inc.,16990821-6683,"-12.23557, 156.47347"
"Wright, Mara Z.",Ante Bibendum Ullamcorper Associates,16560418-2906,"23.66971, 39.95126"
"West, Ulysses C.",Eu Dui Incorporated,16840815-9641,"4.2412, -16.42107"
"Robertson, Kristen C.",Egestas A Scelerisque Limited,16551003-0512,"26.83696, -115.44223"
"Moreno, Deanna U.",Sit Amet Company,16290430-2631,"-71.98068, 29.66504"
"Justice, Susan H.",Lectus Foundation,16090810-7402,"-60.33094, 24.32607"
"Bonner, Hayfa Z.",Egestas Ligula Foundation,16040613-8735,"-71.53266, -179.61419"
"Stewart, Judah V.",Quisque Company,16340617-6002,"-72.36178, -99.86941"
"Nash, Leilani G.",Et PC,16740429-5458,"-14.48952, -125.41303"
"Keith, Holly L.",Lacus Consulting,16781027-2430,"-9.29845, -69.18792"
"Saunders, Armand Z.",Odio Phasellus Foundation,16551021-6665,"32.07788, -27.65075"
"Molina, Upton Q.",Eget Tincidunt Dui Company,16430811-2806,"75.60446, -38.84571"
"Cox, Edward C.",Cum Sociis Natoque Limited,16510825-9069,"-12.45269, 44.20262"
"Leblanc, Rhea F.",Sed Hendrerit Foundation,16940507-4783,"69.12985, 35.09439"
"Potts, Austin R.",Ad Litora Corporation,16171214-6735,"-27.98016, 103.2569"
"Cobb, Liberty J.",Tempus Scelerisque LLP,16060404-5013,"46.86734, 72.60026"
"Bell, Hayley U.",Metus Sit Amet Ltd,16770221-3500,"-81.98731, -148.05729"
"Edwards, Leroy S.",Nunc Inc.,16450816-4664,"-28.12396, -75.78991"
"Howe, Kirk Z.",Erat Corporation,16860210-5788,"52.59716, -121.31357"
"Gonzales, Tad C.",Nullam Corp.,16381217-4328,"-64.89349, 75.04004"
"Howard, Quintessa V.",Commodo At Inc.,16800527-6707,"8.98942, -157.18398"
"Christensen, Tad H.",Lectus Cum Sociis Consulting,16671018-2178,"-14.28349, -31.25021"
"Scott, Stewart S.",Aliquam Industries,16330711-0464,"89.05901, 3.59726"
"Edwards, Sylvia U.",Hendrerit Id Inc.,16230105-9388,"-46.2886, 108.09079"
"Mcdowell, Oliver M.",A Scelerisque Foundation,16880528-3234,"-70.18134, 31.04539"
"Ewing, Colton E.",Erat Associates,16350718-9045,"-2.34708, -80.65437"
"Charles, Macey D.",Luctus Felis Purus LLC,16260810-1271,"74.30362, 18.64606"
"Deleon, Isaac W.",Nascetur Ridiculus Mus Ltd,16040818-3622,"-19.49197, 143.97997"
"Ferguson, Sybil M.",Bibendum Ullamcorper Duis Industries,16460626-6940,"83.84708, -106.70673"
"Goodwin, Dominique N.",Sem Institute,16281113-6585,"-64.08184, -80.46506"
"Scott, Magee Q.",Velit Inc.,16550929-1489,"71.73112, 170.49409"
"Holder, Rhoda J.",Odio Sagittis Foundation,16771217-3579,"-76.18326, 72.22461"
"Pennington, Clare N.",Eleifend Vitae Erat Industries,16290925-0066,"78.35188, 168.86466"
"Serrano, Kasper S.",Parturient Institute,16781107-9669,"-67.50865, -133.12226"
"Carlson, MacKenzie M.",Tellus Corporation,16790817-8077,"1.45909, 80.57185"
"Leach, Hedy Z.",Ullamcorper Associates,16470605-3545,"-41.76764, -110.21076"